<?xml version="1.0" encoding="UTF-8"?>
<project-private xmlns="http://www.netbeans.org/ns/project-private/1">
    <editor-bookmarks xmlns="http://www.netbeans.org/ns/editor-bookmarks/2" lastBookmarkId="0"/>
    <open-files xmlns="http://www.netbeans.org/ns/projectui-open-files/2">
        <group>
            <file>file:/C:/Users/roxana/Documents/COMPUTACION%20PARALELA/periodo%203/Practicas/chat%201%20a%201/chatServer/src/chatclient/ChatClient.java</file>
            <file>file:/C:/Users/roxana/Documents/COMPUTACION%20PARALELA/periodo%203/Practicas/chat%201%20a%201/chatServer/src/chatclient/ChatClientUI.java</file>
            <file>file:/C:/Users/roxana/Documents/COMPUTACION%20PARALELA/periodo%203/Practicas/chat%201%20a%201/chatServer/src/chatserver/ChatServer.java</file>
            <file>file:/C:/Users/roxana/Documents/COMPUTACION%20PARALELA/periodo%203/Practicas/chat%201%20a%201/chatServer/src/chatserver/ChatServerInterface.java</file>
            <file>file:/C:/Users/roxana/Documents/COMPUTACION%20PARALELA/periodo%203/Practicas/chat%201%20a%201/chatServer/src/chatclient/ChatClientClass.java</file>
        </group>
    </open-files>
</project-private>
